GROUP,PACKAGE,CLASS,INSTRUCTION_MISSED,INSTRUCTION_COVERED,BRANCH_MISSED,BRANCH_COVERED,LINE_MISSED,LINE_COVERED,COMPLEXITY_MISSED,COMPLEXITY_COVERED,METHOD_MISSED,METHOD_COVERED
cloudraider-core,com.intuit.cloudraider.core.impl,SSMRaiderImpl,116,0,2,0,24,0,9,0,8,0
cloudraider-core,com.intuit.cloudraider.core.impl,ASGRaiderImpl,249,0,20,0,52,0,22,0,12,0
cloudraider-core,com.intuit.cloudraider.core.impl,Route53RaiderImpl,246,0,4,0,67,0,16,0,14,0
cloudraider-core,com.intuit.cloudraider.core.impl,RDSRaiderImpl,935,0,112,0,203,0,89,0,33,0
cloudraider-core,com.intuit.cloudraider.core.impl,LoadBalancerRaiderImpl,802,0,56,0,189,0,66,0,38,0
cloudraider-core,com.intuit.cloudraider.core.impl,CFNRaiderImpl,81,0,0,0,15,0,5,0,5,0
cloudraider-core,com.intuit.cloudraider.core.impl,SystemRaiderImpl,656,0,28,0,150,0,24,0,10,0
cloudraider-core,com.intuit.cloudraider.core.impl,DynamoDBRaiderImpl,134,0,0,0,17,0,9,0,9,0
cloudraider-core,com.intuit.cloudraider.core.impl,EBSRaiderImpl,120,0,6,0,26,0,8,0,5,0
cloudraider-core,com.intuit.cloudraider.core.impl,EC2RaiderImpl,1940,0,238,0,393,0,163,0,44,0
cloudraider-core,com.intuit.cloudraider.core.impl,ApplicationLoadBalancerRaiderImpl,1075,0,40,0,254,0,66,0,46,0
cloudraider-core,com.intuit.cloudraider.core.impl,CloudWatchRaiderImpl,250,0,12,0,63,0,21,0,15,0
cloudraider-core,com.intuit.cloudraider.core.impl,ElastiCacheRaiderImpl,637,0,36,0,163,0,46,0,28,0
cloudraider-core,com.intuit.cloudraider.core.impl,IAMRaiderImpl,120,0,0,0,35,0,6,0,6,0
cloudraider-core,com.intuit.cloudraider.exceptions,ResourceNotFoundException,16,0,0,0,8,0,4,0,4,0
cloudraider-core,com.intuit.cloudraider.exceptions,InvalidCredentialsException,16,0,0,0,8,0,4,0,4,0
cloudraider-core,com.intuit.cloudraider.exceptions,InvalidInputDataException,16,0,0,0,8,0,4,0,4,0
cloudraider-core,com.intuit.cloudraider.exceptions,UnSupportedFeatureException,16,0,0,0,8,0,4,0,4,0
cloudraider-core,com.intuit.cloudraider.cucumber.model,ExecutionStateCache,842,0,4,0,199,0,86,0,84,0
cloudraider-core,com.intuit.cloudraider.model,EC2InstanceTO,180,0,6,0,41,0,27,0,24,0
cloudraider-core,com.intuit.cloudraider.model,HealthCheckTarget,34,83,2,6,4,15,4,11,2,9
cloudraider-core,com.intuit.cloudraider.model,AlarmStateValue,34,0,0,0,4,0,1,0,1,0
cloudraider-core,com.intuit.cloudraider.model,CloudWatchMetricNamespace,37,0,0,0,7,0,3,0,3,0
cloudraider-core,com.intuit.cloudraider.model,EC2Status,17,0,0,0,7,0,5,0,5,0
cloudraider-core,com.intuit.cloudraider.model,Command,224,0,0,0,24,0,3,0,3,0
cloudraider-core,com.intuit.cloudraider.model,CloudWatchMetrics,48,0,0,0,8,0,3,0,3,0
cloudraider-core,com.intuit.cloudraider.model,DBStatus,36,0,0,0,7,0,4,0,4,0
cloudraider-core,com.intuit.cloudraider.model,Actions,290,0,0,0,30,0,3,0,3,0
cloudraider-core,com.intuit.cloudraider.model,SshParameters,50,77,0,0,10,17,7,3,7,3
cloudraider-core,com.intuit.cloudraider.model,HealthCheckTarget.PingProtocol,0,44,0,0,0,5,0,1,0,1
cloudraider-core,com.intuit.cloudraider.model,HealthCheckStatus,24,0,0,0,3,0,1,0,1,0
cloudraider-core,com.intuit.cloudraider.model,BasicCredentials,147,107,11,9,40,25,11,3,1,3
cloudraider-core,com.intuit.cloudraider.cucumber.util,ScriptExecutor,220,0,0,0,38,0,17,0,17,0
cloudraider-core,com.intuit.cloudraider.cucumber.util,DNSLookup,28,0,0,0,5,0,3,0,3,0
cloudraider-core,com.intuit.cloudraider.cucumber.util,CucumberHelperFunctions,99,0,14,0,25,0,10,0,3,0
cloudraider-core,com.intuit.cloudraider.cucumber.util,HealthChecker,38,0,2,0,8,0,4,0,3,0
cloudraider-core,com.intuit.cloudraider.cucumber.util,ExtentReporterNG,171,0,12,0,31,0,10,0,4,0
cloudraider-core,com.intuit.cloudraider.cucumber.util,CucumberReporterNG,61,0,2,0,11,0,3,0,2,0
cloudraider-core,com.intuit.cloudraider.commons,ApplicationLoadBalancerDelegator,0,38,0,0,0,12,0,3,0,3
cloudraider-core,com.intuit.cloudraider.commons,SSMDelegator,0,38,0,0,0,11,0,3,0,3
cloudraider-core,com.intuit.cloudraider.commons,CloudWatchDelegator,0,38,0,0,0,12,0,3,0,3
cloudraider-core,com.intuit.cloudraider.commons,SystemDelegator,15,14,0,0,5,5,2,2,2,2
cloudraider-core,com.intuit.cloudraider.commons,CloudRaiderSSHSessionFactory.new SessionFactory.SessionFactoryBuilder() {...},46,0,0,0,6,0,2,0,2,0
cloudraider-core,com.intuit.cloudraider.commons,DynamoDBDelegator,38,0,0,0,12,0,3,0,3,0
cloudraider-core,com.intuit.cloudraider.commons,ASGDelegator,0,38,0,0,0,12,0,3,0,3
cloudraider-core,com.intuit.cloudraider.commons,CFNDelegator,0,38,0,0,0,9,0,3,0,3
cloudraider-core,com.intuit.cloudraider.commons,ElastiCacheDelegator,0,42,0,0,0,13,0,3,0,3
cloudraider-core,com.intuit.cloudraider.commons,LoadBalancerDelegator,0,38,0,0,0,12,0,3,0,3
cloudraider-core,com.intuit.cloudraider.commons,IAMDelegator,0,38,0,0,0,12,0,3,0,3
cloudraider-core,com.intuit.cloudraider.commons,EC2Delegator,0,38,0,0,0,12,0,3,0,3
cloudraider-core,com.intuit.cloudraider.commons,Route53Delegator,0,38,0,0,0,12,0,3,0,3
cloudraider-core,com.intuit.cloudraider.commons,RDSDelegator,0,38,0,0,0,12,0,3,0,3
cloudraider-core,com.intuit.cloudraider.commons,CloudRaiderSSHSessionFactory,622,0,58,0,154,0,61,0,32,0
cloudraider-core,com.intuit.cloudraider.cucumber.steps,DynamoDBStepDefinitions,311,0,40,0,60,0,31,0,11,0
cloudraider-core,com.intuit.cloudraider.cucumber.steps,InstanceFailureStepDefinitions,1472,0,116,0,334,0,121,0,63,0
cloudraider-core,com.intuit.cloudraider.cucumber.steps,SSMStepDefinitions,755,0,38,0,153,0,48,0,29,0
cloudraider-core,com.intuit.cloudraider.cucumber.steps,DelayStepDefinitions,27,0,0,0,8,0,4,0,4,0
cloudraider-core,com.intuit.cloudraider.cucumber.steps,RDSFailureStepDefinitions,351,0,54,0,75,0,44,0,17,0
cloudraider-core,com.intuit.cloudraider.cucumber.steps,EnvironmentHealerStepDefinitions,582,0,38,0,133,0,52,0,33,0
cloudraider-core,com.intuit.cloudraider.cucumber.steps,CloudWatchStepDefinitions,82,0,8,0,22,0,13,0,9,0
cloudraider-core,com.intuit.cloudraider.cucumber.steps,ElastiCacheStepDefinitions,263,0,42,0,62,0,35,0,14,0
cloudraider-core,com.intuit.cloudraider.cucumber.steps,EndScenarioStepDefinitions,19,0,0,0,8,0,4,0,4,0
cloudraider-core,com.intuit.cloudraider.cucumber.steps,LoadBalancerStepDefinitions,784,0,58,0,145,0,60,0,31,0
cloudraider-core,com.intuit.cloudraider.cucumber.steps,AvailabilityZoneStepDefinitions,444,0,44,0,95,0,33,0,11,0
cloudraider-core,com.intuit.cloudraider.cucumber.steps,Route53StepDefinitions,194,0,4,0,41,0,17,0,15,0
cloudraider-core,com.intuit.cloudraider.utils,ConfigUtils,3,10,0,2,1,4,1,2,1,1
cloudraider-core,com.intuit.cloudraider.utils,View.Normal,3,0,0,0,1,0,1,0,1,0
cloudraider-core,com.intuit.cloudraider.utils,HealthCheckUtils,68,21,1,3,10,4,7,4,6,3
cloudraider-core,com.intuit.cloudraider.utils,Randomizer,22,0,2,0,6,0,4,0,3,0
cloudraider-core,com.intuit.cloudraider.utils,View,3,0,0,0,1,0,1,0,1,0
cloudraider-core,com.intuit.cloudraider.utils,View.Manager,3,0,0,0,1,0,1,0,1,0
cloudraider-core,com.intuit.cloudraider.utils,Ec2Utils,55,0,10,0,10,0,8,0,3,0
cloudraider-core,com.intuit.cloudraider.utils,CommandUtility,48,0,4,0,13,0,6,0,4,0
